exercise_id,exercise_name,description,type,difficulty,equipment
1,Dumbbell Bicep Curl,"Position two dumbbells to sides, palms facing in, arms straight. With elbows to sides, raise one dumbbell and rotate forearm until forearm is vertical and palm faces shoulder. Lower to original position and repeat with opposite arm. Continue to alternate between sides.",Isolated,Easy,Dumbbell
2,Dumbbell incline curl,"Sit back on 45-60 degree incline bench. With arms hanging down straight, position two dumbbells with palms facing inward. With elbows back to sides, raise one dumbbell and rotate forearm until forearm is vertical and palm faces shoulder. Lower to original position and repeat with opposite arm. Continue to alternate between sides.",Isolated,Easy,Dumbbell
3,Lever isolated curl,Sit on seat and grasp handles with underhand grip. Raise lever handles until elbows are fully flexed with back of upper arm remaining on pad. Lower handles until arm is fully extended. Repeat.,Isolated,Easy,Machine
4,Lever isolated curl,Sit on seat and grasp handles with underhand grip. Raise lever handles until elbows are fully flexed with back of upper arm remaining on pad. Lower handles until arm is fully extended. Repeat.,Isolated,Easy,Machine
5,Inverted Biceps Row,"Also known as Underhand Body Row or Underhand Supine Row. Lay on back under fixed horizontal bar. Fixed bar should be just high enough to allow arm to fully extend. Grasp bar with shoulder width underhand grip. Keeping body straight, pull body up to bar. Return until arms are extended and shoulders are stretched forward. Repeat.",Compound,Hard,Body weight
6,Barbell curl,"Grasp bar with shoulder width underhand grip. With elbows to side, raise bar until forearms are vertical. Lower until arms are fully extended. Repeat. Can be performed with a straight barbell, of in cases of wrist pain - EZ bar.",Isolated,Easy,Barbell
7,Cable curl,"Grasp low pulley cable bar with shoulder width underhand grip. Stand close to pulley. With elbows to side, raise bar until forearms are vertical. Lower until arms are fully extended. Repeat.",Isolated,Easy,Cable
8,Cable isolateral curl,"Stand between or facing double low pulleys. Grasp stirrups to each side, palms facing forward. Pull stirrups forward and upward toward shoulders while keeping elbows stationary. Return until arms are fully extended. Repeat.",Isolated,Easy,Cable
9,Cable alternating isolateral curl,"Stand between or facing double low pulleys. Grasp stirrups to each side, palms facing forward. Pull one stirrup up forward and upward toward shoulder while keeping elbow stationary. Return until arm is fully extended. Repeat on other arm, alternating between sides.",Isolated,Easy,Cable
10,Machine-assisted triceps dip,"Mount shoulder width dip bar, arms straight with shoulders above hands. Step down onto assistance lever. Keep hips and knees straight. Lower body until slight stretch is felt in shoulders. Push body up until arms are straight. Repeat.",Compound,Medium,Machine
11,Barbell close grip bench press,Lie on bench and grasp barbell from rack with shoulder width grip. Lower weight to chest with elbows close to body. Push barbell back up until arms are straight. Repeat.,Compound,Hard,Barbell
12,Barbell lying triceps extension,"Lie on bench with narrow overhand grip on barbell. Position barbell over forehead with arms extended. Lower bar by bending elbows. As bar nears head, move elbows slightly back just enough to allow bar to clear around curvature of head. Extend arms. As bar clears head, reposition elbows to their former position until arms are fully extended. Repeat. Can be performed with a straight barbell, but EZ barbell is recommended.",Isolated,Hard,Barbell
13,Barbell triceps extension,"Sit on utility weight bench with barbell. Position barbell overhead with narrow overhand grip. Lower barbell behind upper shoulders by flexing elbows allowing forearms to travel behind upper arms with elbows remaining overhead. Raise barbell overhead by extending elbows until arms are positioned straight and vertical. Lower and repeat. Can be performed with a straight barbell, but EZ barbell is recommended.",Isolated,Easy,Barbell
14,Barbell lying triceps extension “skull crusher”,Lie on bench with narrow overhand grip on barbell. Position barbell over shoulders with arms extended. Lower bar to forehead by bending elbows. Extend arms and repeat.,Isolated,Hard,Barbell
15,Cable lying triceps extension,"Lie on bench and grasp bar with narrow overhand grip. With arms extended, position bar over face. Lower bar by bending elbow. As bar nears head, move elbows slightly back just enough to allow bar to clear around curvature of head. Extend arm. As bar clears head, reposition elbows to its former position until arm is fully extended. Repeat.",Isolated,Medium,Cable
16,Cable bent-over triceps extension,"Grasp cable bar from medium-high pulley with narrow or shoulder width overhand grip. Turn body away from pulley apparatus and position turned cable bar behind neck. Bend over downward with cable bar positioned behind neck, gripped at each side. Lunge forward with one leg. Allow elbows to be pulled back under cable resistance. Extend forearms forward until elbows are straight. Allow cable bar to return back over neck. Repeat.",Isolated,Medium,Cable
17,Cable pushdown,Face high pulley and grasp cable attachment with narrow overhand grip. Position elbows to side. Extend arms down. Return until forearm is close to upper arm. Repeat.,Isolated,Easy,Cable
18,Cable one arm pushdown,Grasp dumbbell cable attachment with underhand grip. Position elbow to side. Extend arm down. Return until forearm is close to upper arm. Repeat. Continue with opposite arm.,Isolated,Medium,Cable
19,Cable triceps extension,Stand or sit on bench or seat with back support just below shoulders. Position cable bar behind neck or shoulders with narrow overhand grip. Position elbows overhead. Raise cable bar overhead by extending elbows until arms are positioned straight and vertical. Lower cable bar behind neck by flexing elbows allowing forearms to travel behind upper arms with elbows remaining overhead. Repeat. Can be done with rope,Isolated,Easy,Cable
20,Dumbbell kickback,Kneel over bench with arm supporting body. Grasp dumbbell. Position upper arm parallel to floor. Extend arm until it is straight. Return and repeat. Continue with opposite arm.,Isolated,Easy,Dumbbell
21,Dumbbell lying extension,Lie on bench and position dumbbells over head with arms extended. Lower dumbbells by bending elbow until they are to sides of head. Extend arm. Repeat.,Isolated,Medium,Dumbbell
22,Dumbbell one arm triceps extension (on bench),Position dumbbell behind neck with elbow positioned upward. Extend arm until straight while maintaining upper arm's vertical position throughout exercise. Return until dumbbell is behind neck or shoulder and repeat. Continue with opposite arm.,Isolated,Easy,Dumbbell
23,Dumbbell triceps extension,"Position one dumbbell over head with both hands under inner plate (heart shaped grip). With elbows over head, lower forearm behind upper arm by flexing elbows. Flex wrists at bottom to avoid hitting dumbbell on back of neck. Raise dumbbell over head by extending elbows while hyperextending wrists. Return and repeat.",Isolated,Easy,Dumbbell
24,Lever isolateral close grip bench press ,Lie on bench with lever handles above sides of chest. Grasp handles with narrow overhand grip just above each side of chest. Press lever up until arms are extended. Return weights down to starting position. Repeat.,Compound,Medium,Machine
25,Lever triceps dip,"Sit upright on seat. If possible, place handles in narrow position. Grasp handles. Push levers down with elbows pointing back. Allow lever bar to raise until shoulders are slightly stretched. Repeat.",Compound,Easy,Machine
26,Smith close grip bench press ,Lie on bench with bar above chest and grasp bar with shoulder width or slightly narrower grip. Disengage bar by rotating bar back. Lower weight to chest with elbows close to body. Push bar back up until arms are straight. Repeat.,Compound,Medium,Smith machine
27,Weighted triceps dip,"Place weight on dip belt around waist or place dumbbell between lower legs just above feet. Mount shoulder width dip bar, arms straight with shoulders above hands. Keep hips straight. Lower body until slight stretch is felt in shoulders. Push body up until arms are straight. Repeat.",Compound,Hard,Weights
28,Close grip push-up,"Both upper and lower body must be kept straight throughout movement. Lie prone with forefeet on floor and hands under shoulders or slightly narrower. Position body up off floor with extended arms and body straight. Keeping body straight, lower body to floor by bending arms. Push body up until arms are extended. Repeat.",Compound,Hard,Body weight
29,Triceps dip,"Mount shoulder width dip bar, arms straight with shoulders above hands. Keep hips straight. Lower body until slight stretch is felt in shoulders. Push body up until arms are straight. Repeat. To decrease difficulty, use bands, a machine, training partner or self assistance using legs.",Compound,Hard,Body weight
30,Suspended triceps extension,"Grasp handles and step forward between suspension trainers. Position arms downward and slightly forward, nearly parallel with suspension straps. Lean forward, placing upper body weight onto handles with arms straight, while stepping back onto forefeet so body is leaning forward at desired angle. Straighten body, so torso is in-line with legs. Lower body by bending elbows, allowing head to travel between suspension handles. Raise body up and back up until arms are extended. Repeat.",Isolated,Hard,Suspension trainer
31,Barbell front raise,"Grasp barbell with overhand grip with elbows straight or slightly bent. Raise barbell forward and upward until upper arms are above horizontal. Lower and repeat. Height of movement may depend on range of motion. Raise should be limited to height achieved just before tightness is felt in shoulder capsule. Alternatively, height just above horizontal may be considered adequate. Elbows may be kept straight or slightly bent throughout movement.",Isolated,Medium,Barbell
32,Barbell military press,"Grasp barbell from rack or clean barbell from floor with overhand grip, slightly wider than shoulder width. Position bar in front of neck. Press bar upward until arms are extended overhead. Lower to front of neck and repeat. Feet may be positioned shoulder width apart or one foot in front of other with forward leg slightly bent (as shown). Upper chest assists (instead of side delts) since grip is slightly narrower and chest is high with low back arched back slightly. Also known as Overhead Press.",Compound,Hard,Barbell
33,Barbell seated military press,Grasp barbell with slightly wider than shoulder width overhand grip from rack. Position bar near upper chest. Press bar upward until arms are extended overhead. Return to upper chest and repeat. Set barbell on forward rack slightly below shoulder height so bar may be more easily unracked and racked. Position seat so bar does not hit uprights but close enough to easily mount and rack. Range of motion will be compromised if grip is too wide. Grip is slightly narrower than shoulder press. Torso is postured more upright than traditional military press.,Compound,Medium,Barbell
34,Cable isolateral seated front raise,"Sit on seat above twin cable pulleys. Grasp stirrups on each side. Sit upright with arms straight down to each side with palms facing back. Raise stirrups forward and upward until upper arms are well above horizontal. Lower and repeat. Height of movement may depend on range of motion or when stirrup or cable makes contact with underside of forearm. Raise should be limited to height achieved just before tightness is felt in shoulder capsule. Alternatively, height just above horizontal may be considered adequate. Elbows may be kept straight or slightly bent throughout movement. Additionally, can be done alternating or with one arm.",Isolated,Easy,Cable
35,Cable isolateral standing shoulder press,Stand between two low to medium height pulleys. Grasp cable stirrups from each side. Position stirrups to each side of shoulders with elbows down to sides and stirrups above or slightly narrower than elbows. Push stirrups upward until arms are extended overhead. Return stirrups to sides of shoulders and repeat. Wrists maintain their approximate position above each elbow throughout movement. Feet may be positioned apart to each side or one foot back as shown. Cable pulleys should be much closer together than what is typically found on standard cable cross over setup. Can be done seated for more stability.,Compound,Medium,Cable
36,Dumbbell arnold press,"Stand with two dumbbells position in front of shoulders, palms facing body and elbows under wrists. Initiate movement by bringing elbows out to sides. Continue to raise elbows outward while pressing dumbbells overhead until arms are straight. Lower to front of shoulders in opposite pattern and repeat. Movement should emphasise shoulder abduction while minimising forearm pronation as this exercise attempts to combine lateral raise like motion with shoulder press. Lean forward slightly when lifting Dumbbells.",Compound,Medium,Dumbbell
37,Dumbbell front raise,"Grasp dumbbells in both hands. Position dumbbells in front of upper legs with elbows straight or slightly bent. Raise dumbbells forward and upward until upper arms are above horizontal. Lower and repeat. Height of movement may depend on range of motion. Raise should be limited to height achieved just before tightness is felt in shoulder capsule. Alternatively, height just above horizontal may be considered adequate. Elbows may be kept straight or slightly bent throughout movement.",Isolated,Easy,Dumbbell
38,Dumbbell shoulder press,Position dumbbells to each side of shoulders with elbows below wrists. Press dumbbells upward until arms are extended overhead. Lower to sides of shoulders and repeat.,Compound,Medium,Dumbbell
39,Lever isolateral military press,Set and grasp lever handles to each side with overhand grip. Press lever until arms are extended upward. Lower and repeat. Range of motion will be compromised if grip is too wide. Seat should be set so only slight stretch is felt in shoulder at bottom of movement.,Compound,Medium,Machine
40,Lever Reclined Shoulder Press,Lie on back pad facing up. Grasp lever handles on each side with overhand grip. Press lever until arms are extended. Lower and repeat. Range of motion will be compromised if grip is too wide.,Compound,Hard,Machine
41,Lever Isolateral Shoulder Press ,Set and grasp lever handles to each side with overhand grip. Press lever upward until arms are extended overhead. Lower and repeat. Range of motion will be compromised if grip is too wide.,Compound,Medium,Machine
42,Sled Shoulder Press,Set and grasp lever handles to each side with overhand grip. Press handles upward until arms are extended overhead. Lower and repeat. Range of motion will be compromised if grip is too wide.,Compound,Medium,Machine
43,Smith Shoulder Press,Sit on bench with bar positioned in front of shoulders. Grasp bar with wide overhand grip. Disengage bar by raising and rotating bar back. Press bar upward until arms are extended overhead. Lower bar to front of shoulders and repeat. Pull head back slightly so bar does not make contact with head. Range of motion will be compromised if grip is too wide.,Compound,Medium,Smith machine
44,Pike Press (between benches),"Kneel on two benches positioned side by side slightly apart at end nearest head. Place hands on ends of benches. With forefeet on opposite ends of bench, raise rear end high up with arms, back, and knees straight. Adjust feet so they are somewhat close to hands while keeping back and legs straight. Lower head between ends of benches by bending arms. Push body back up to original position by extending arms. Repeat. Pike Press (for front delts) differs from Pike Push-Up (for upper chest) in that, feet are at closer distance to hands so body is more inverted in lowest position. Keep knees and back straight. A slight curve (spinal flexion) is acceptable, particularly if hamstrings are tight For greater challenge, elevate feet.",Compound,Hard,Body weight
45,Suspended Front Raise,"Grasp suspension handles and momentarily step back until arms are extended forward and straight. While keeping arms straight and shoulders back, step forward so body reclines back behind suspension handles. Position body and legs straight at desired angle, hanging from handles with arms straight and palms facing downward. Raise arms upward overhead by flexing shoulders with arms straight. Return and lower body back until arms are extended straight forward in original position. Repeat. At higher angles, feet can be placed flat on floor. When angled further back, only heels may contact floor with forefeet raising upward. Dismounting can be achieved by walking backward until body is upright. This movement can be made more challenging by placing feet more forward, thereby angling body back at initiation of movement.",Isolated,Medium,Suspension trainer
46,Barbell Upright Row,Grasp bar with shoulder width or slightly narrower overhand grip. Pull bar to neck with elbows leading. Allow wrists to flex as bar rises. Lower and repeat.,Compound,Easy,Barbell
47,Cable One Arm Lateral Raise,"Grasp stirrup cable attachment. Stand facing with side of resting arm toward low pulley. Grasp ballet bar if available. With elbow slightly bent, raise arm to side away from low pulley until elbow is shoulder height. Lower and repeat. Continue with opposite arm. Maintain fixed elbow position (10° to 30° angle) throughout exercise. Height of cable pulley may be adjusted to mid-thigh height to increase load throughout initial range of motion while decreasing it near terminal range of motion.",Isolated,Easy,Cable
48,Cable Upright Row,"Grasp cable bar with shoulder width or slightly narrower overhand grip. Stand close to pulley. Pull bar to neck with elbows leading. Allow wrists to flex as bar rises. Lower and repeat. A shoulder width grip is suggested when performing the upright row, as a narrower grip may agitate the rotator cuff muscles.",Compound,Medium,Cable
49,Dumbbell Lateral Raise,"Grasp dumbbells in front of thighs with elbows slightly bent. Bend over slightly with hips and knees bent slightly. Raise upper arms to sides until slightly bent elbows are shoulder height while maintaining elbows' height above or equal to wrists. Lower and repeat. Keep elbows pointed high while maintaining slight bend through elbows (10° to 30° angle) throughout movement. At top of movement, elbows (not necessarily dumbbells) should be directly lateral to shoulders since elbows are slightly bent forward. If elbows drop lower than wrists, front deltoids become primary mover instead of lateral deltoids. To keep resistance targeted to side delt, torso is bent over slightly.",Isolated,Easy,Dumbbell
50,Dumbbell Upright Row,"Grasp dumbbells and stand with palms facing front of thighs. Pull dumbbells to front of shoulders or front sides of chest with elbows leading out to sides. Allow wrists to flex as dumbbells rise upward. Lower and repeat. When dumbbells are raised, wrists should be in front or just below of shoulders; elbows should be to sides, not pointing forward. A shoulder width grip is suggested when performing the upright row, as a narrower grip may agitate the rotator cuff muscles. Can be performed with one arm.",Compound,Medium,Dumbbell
51,Lever Isolateral Lateral Raise,Sit in machine. Situate bent arms between padded lever and sides of body. Raise arms to sides until upper arms are horizontal. Return and repeat.,Isolated,Easy,Machine
52,Smith Upright Row,"Stand behind bar mid-thigh height. Grasp bar with shoulder width or slightly narrower overhand grip. Disengage bar by rotating bar back and stand upright. Pull bar to neck with elbows leading. Allow wrists to flex as bar rises. Lower and repeat. A shoulder width grip is suggested when performing the upright row, as a narrower grip may agitate the rotator cuff muscles.",Compound,Medium,Smith machine
53,Barbell Rear Delt Row,"Bend knees slightly and bend over bar with back straight, approximately horizontal. Grasp bar with wide overhand grip. Keeping upper arm perpendicular to torso, pull barbell up toward upper chest until upper arms are just beyond horizontal. Return and repeat. If upper arm travels closer than perpendicular to trunk, latissimus dorsi becomes involved. Elbows should be raised directly lateral to shoulders. Positioning torso at 45° is not sufficient angle to target rear deltoids. Keep torso bent over approximately horizontal. Knees are bent in effort to keep low back straight",Compound,Hard,Barbell
54,Cable Rear Delt Row,"Sit slightly forward on bench or platform in order to grasp cable bar attachment. With elbow width overhand grip, straighten torso upright and slide hips back until knees are only slightly bent. Pull cable attachment toward upper chest, just below neck, with elbows up out to sides until elbows travel slightly behind back. Keep upper arms horizontal, perpendicular to trunk. Return until arms are extended and shoulders are stretched forward. Repeat. Elbows should be kept same height as shoulders when approaching upper chest, otherwise the latissimus dorsi become involved.",Compound,Medium,Cable
55,Dumbbell Rear Delt Row,"Kneel over side of bench with arm and leg to side. Grasp dumbbell. Pull dumbbell up out to side with upper arm perpendicular to trunk until upper arm is just beyond horizontal. Lower and repeat. If upper arm travels closer than perpendicular to trunk, latissimus dorsi becomes involved. Keep torso bent over approximately horizontal.",Compound,Easy,Dumbbell
56,Lever Isolateral Rear Delt Row ,"Place seat at low position. Sit on seat with chest against pad and grasp upper handles. Pull lever with elbows up out to sides until upper arms are just beyond parallel, keeping upper arm horizontal, perpendicular to torso. Return and repeat.",Compound,Medium,Machine
57,Lever Isolateral Seated Reverse Fly ,"Sit on machine with chest against pad. Grasp parallel handles with thumbs up at shoulder height. Slightly bend elbows and internally rotate shoulders so elbows are also at height of shoulders. Keeping elbows pointed high, pull handles apart and to rear until elbows are just behind back. Return and repeat. Natural tendency is for shoulders to point down which places greater emphasis on lateral deltoid and possibly latissimus dorsi if elbows drop below transverse plain of shoulders. Seat height and grip should be adjusted to keep arms at transverse plane of shoulders to maximise rear delt involvement throughout exercise. If shoulder internal rotation cannot be maintained by keeping elbows pointed back, consider thumbs down grip to maximize rear delt isolation.",Isolated,Easy,Machine
58,Smith Rear Delt Row,"Stand near low smith bar. Bend knees and bend over bar with back straight. Grasp bar with wide overhand grip. Disengage bar by rotating bar back. Keeping upper arm perpendicular to torso, pull bar up toward upper chest until upper arms are just beyond parallel to floor. Return and repeat. If upper arm travels closer than perpendicular to trunk, latissimus dorsi becomes involved. Elbows should be raised directly lateral to shoulders. Positioning torso at 45° is not sufficient angle to target rear deltoids. Keep torso bent over approximately horizontal. If low back becomes rounded due to tight hamstrings, either knees should be bent more or torso may not be positioned as low.",Compound,Medium,Smith machine
59,Rear Delt Inverted Row (high bar),"Stand facing horizontal bar positioned lower to upper chest height. Step toward bar so chest makes contact. Grasp bar with wide overhand grip. Raise elbows up to shoulder height. Place feet forward on floor so body is reclined back with legs, hips and spine straight. Lower body while keeping body straight, elbows high, and upper arms perpendicular to torso, until arms are extended straight. Pull shoulders toward bar while keeping elbows up high until upper arms are parallel to one another, or just beyond. Repeat. If elbows fall so upper arms no longer travel perpendicular to trunk, latissimus dorsi becomes involved. Elbows should be positioned directly lateral to shoulders at highest position. Pulling bar to lower chest is not sufficient angle to target rear deltoids. Bar height can be adjusted to vary resistance.",Compound,Hard,Body weight
60,Rear Delt Inverted Row (on hips),"Lay on back with belly under fixed horizontal bar. Bend knees and position feet on floor. Grasp bar with wide overhand grip. Turn elbows outward to sides. Walk forward under bar while pulling upper chest close to bar. With heels on floor, position body at angle under bar with legs, hips and spine straight. Position forearms perpendicular to body, orientated forward. Also, position upper arms perpendicular to body, orientated to each side. Keeping hips on floor, low back straight, and elbow pointed out to sides; pull torso up to bar. Return when upper arms are just beyond parallel to one another. Lower body downward until arms are extended straight. Return and repeat. If elbows fall so upper arms no longer travel perpendicular to trunk, latissimus dorsi becomes involved. Elbows should be positioned directly lateral to shoulders at highest position. Pulling bar to lower chest is not sufficient angle to target rear deltoids.",Compound,Hard,Body weight
61,Suspended Rear Delt Row,"Grasp suspension handles and momentarily step back until arms are extended forward and straight. While keeping arms straight and shoulders back, step forward so body reclines back behind suspension handles. Position body and legs straight at desired angle hanging from handles with arms straight. Internally rotate shoulders so elbows are positioned directly outwards. Pull body up while keeping elbows pointed directly out to each side and body and legs straight. Pull until elbows are directly lateral to each side without allowing elbows to drop. Return until arms are extended straight and shoulders are stretched forward, maintaining high elbow position. Repeat. If elbows fall so upper arms no longer travel perpendicular to trunk, latissimus dorsi becomes involved.",Compound,Medium,Suspension trainer
62,Cable Front Lateral Raise,"Grasp dumbbell cable attachment. Stand facing side with resting arm toward low pulley. Grasp ballet bar if available for support. Internally rotate shoulders so elbows point out to sides. With elbow straight or slightly bent, raise upper arm away from low pulley to side, slightly to front (30°) until upper arm is shoulder height. Lower and repeat. Continue with opposite arm.",Isolated,Easy,Cable
63,Dumbbell Front Lateral Raise,"Grasp dumbbell and position in front of thigh with arm straight. Turn pinkie finger side outward. Raise arms to side, slightly to front until shoulder height or slightly higher. Lower and repeat. Continue with opposite arm. Raise toward 10 o'clock with left arm and toward 2 o'clock with right arm. Maintain straight elbow position with elbow pointing outward throughout exercise.",Isolated,Easy,Dumbbell
64,Barbell Wrist Curl,Sit and grasp bar with narrow to shoulder width underhand grip. Rest forearms on thighs with wrists just beyond knees. Allow barbell to roll out of palms down to fingers. Raise barbell back up by gripping and pointing knuckles up as high as possible. Lower and repeat. Keep elbows approximately wrist height to maintain resistance through full range of motion.,Isolated,Medium,Barbell
65,Cable Wrist Curl,Sit and grasp cable bar with narrow to shoulder width underhand grip. Rest forearms on thighs with wrists just beyond knees. Allow cable bar to roll out of palms down to fingers. Raise cable bar back up by gripping and pointing knuckles up as high as possible. Lower and repeat.,Isolated,Easy,Cable
66,Dumbbell Wrist Curl,Sit and grasp dumbbell with underhand grip. Rest forearm on thigh with wrist just beyond knee. Allow dumbbell to roll out of palm down to fingers. Raise dumbbell back up by gripping and pointing knuckles up as high as possible. Lower and repeat.,Isolated,Easy,Dumbbell
67,Lever Grip,"Sit on seat, straddling apparatus. Grasp lever handles on each side; fingers around lever handles and base of thumbs around stationary bars. Squeeze bars together with both hands until lower lever makes contact with upper bars. Lower to original position and repeat.",Isolated,Easy,Machine
68,Barbell Reverse Wrist Curl,Sit and grasp bar with narrow to shoulder width overhand grip. Rest forearms on thighs with wrists just beyond knees. Raise barbell by pointing knuckles upward as high as possible. Return until knuckles are pointing downward as far as possible. Repeat. Keep elbows approximately wrist height to maintain resistance through full range of motion.,Isolated,Medium,Barbell
69,Cable Reverse Wrist Curl,Sit and grasp cable bar with narrow to shoulder width overhand grip. Rest forearms on thighs with wrists just beyond knees. Raise stirrup by pointing knuckles upward as high as possible. Return until knuckles are pointing downward as far as possible. Repeat. Do not allow elbows to rise.,Isolated,Easy,Cable
70,Dumbbell Reverse Wrist Curl,Sit and grip dumbbell with overhand grip. Rest forearm on thigh with wrist just beyond knee. Raise dumbbell by pointing knuckles upward as high as possible. Return until knuckles are pointing downward as far as possible. Repeat. Keep elbow approximately wrist height to maintain resistance through full range of motion. Hand may be placed under wrist to offer stability and to maintain horizontal orientation of forearm.,Isolated,Easy,Dumbbell
71,Lever Reverse Wrist Curl ,Grasp bar with overhand grip. Place forearm on padded platform. Raise bar until wrist is fully hyperextended and return until wrist is fully flexed. Repeat.,Isolated,Easy,Machine
72,Machine-assisted Chest Dip,"Mount wide dip bar with oblique grip (bar diagonal under palm), arms straight with shoulders above hands. Step down onto assistance lever with hips and knees bent. Lower body by bending arms, allowing elbows to flare out to sides. When slight stretch is felt in chest or shoulders, push body up until arms are straight. Repeat.",Compound,Easy,Machine
73,Barbell Bench Press ,"Lie supine on bench. Grasp bar with overhand and slightly wider than shoulder width grip. Arch back, extend hips, and position feet back flat on floor. Dismount barbell from rack over chest. Lower weight to lower chest. Press bar upward until arms are extended. Repeat. Range of motion will be compromised if grip is too wide. Can be done on an incline to target upper pecs.",Compound,Hard,Barbell
74,Cable Isolateral Standing Fly,"Grasp two opposing high pulley dumbbell attachments. Stand with pulleys to each side. Bend over slightly by flexing hips and knees. Bend elbows slightly and internally rotate shoulders so elbows are back initially. Bring cable attachments together in hugging motion with elbows in fixed position. Keep shoulders internally rotated so elbows are pointed upward at top and out to sides at bottom. Return to starting position until chest muscles are stretched. Repeat. Under greater resistance, positioning torso at lower angle downward (by bending over at hips), will allow upper body weight to counterbalance upward pull of cables, as opposed to stepping forward and struggling with backward pull of cables.",Isolated,Medium,Cable
75,Dumbbell Bench Press,"Sit down on bench with dumbbells resting on lower thigh. Kick weights to shoulder and lie back. Position dumbbells to sides of chest with bent arm under each dumbbell. Press dumbbells up with elbows to sides until arms are extended. Lower weight to sides of chest until slight stretch is felt in chest or shoulder. Repeat. Dumbbells should follow slight arch pattern, above upper arm between elbow and chest at bottom, traveling inward over each shoulder at top. Can be done on an incline to target upper pecs.",Compound,Medium,Dumbbell
76,Dumbbell Fly,"Grasp two dumbbells. Lie supine on bench. Support dumbbells above chest with arms fixed in slightly bent position. Internally rotate shoulders so elbows point out to sides. Lower dumbbells to sides until chest muscles are stretched with elbows fixed in slightly bent position. Bring dumbbells together in wide hugging motion until dumbbells are nearly together. Repeat. Keep shoulders internally rotated so elbows point downward at bottom position and outward at top position. Keep elbows at fixed angle, only slightly bent.",Isolated,Easy,Dumbbell
77,Dumbbell Pullover,"Lie on upper back perpendicular to bench. Flex hips slightly. Grasp one dumbbell from behind or from side with both hands under inner plate of dumbbell. Position dumbbell over chest with elbows slightly bent. Keeping elbows slightly bent throughout movement, lower dumbbell over and beyond head until upper arms are in-line with torso. Pull dumbbell up and over chest. Repeat. Lower body extending off of bench acts as counter balance to resistance and keeps upper back fixed on bench. Avoid hips from raising up significantly. Actual range of motion is dependent upon individual shoulder flexibility. Keep elbows fixed at small bend throughout exercise.",Isolated,Hard,Dumbbell
78,Chest Dip,"Mount wide dip bar with oblique grip (bar diagonal under palm), arms straight with shoulders above hands. Bend knees and hips slightly. Lower body by bending arms, allowing elbows to flare out to sides. When slight stretch is felt in chest or shoulders, push body up until arms are straight. Repeat. To decrease difficulty, get assistance from machine or training partner. Also try performing movement between two benches or self assisted by placing feet on bench or elevation, or by using bands. Can be made harder by adding weights to oneself.",Compound,Hard,Body weight
79,Push-up,"Lie prone with forefeet on floor and hands slightly wider than shoulder width. Raise body up off floor by extending arms with body straight. Keeping body straight, lower body to floor by bending arms. Push body up until arms are extended. Repeat. Both upper and lower body must be kept straight throughout movement. Resistance can be reduced by performing push-ups with knees bent on floor or placing hands on elevated horizontal bar, in between narrow doorway, or edge of elevated surface.",Compound,Medium,Body weight
80,Lever Isolateral Bench Press,Lie supine on bench with chest under lever bar. Grasp lever bar with wide oblique overhand grip. Press bar until arms are extended. Lower weight to upper chest. Repeat. Range of motion will be compromised if grip is too wide.,Compound,Medium,Machine
81,Lever Isolateral Chest Press,Sit on seat with chest approximately height of handles. Grasp handles with wide overhand grip; elbows out to sides just below shoulders. Press levers until arms are extended. Return weight until chest muscles are slightly stretched. Repeat.,Compound,Easy,Machine
82,Lever Isolateral Seated Fly,"Sit on machine with back on pad. Grasp handles to both sides, shoulder height. Bend elbows slightly and internally rotate shoulders so elbows are pointing backward. Maintaining shoulders internally rotated, move handles forward and together handles reach forward position. Return handles back toward original position until mild stretch is felt in chest or shoulder. Repeat. Shoulders are kept internally rotated so elbows are pointing out to sides. The starting position of levers can be adjusted on many apparatuses, allowing for both rear delt and chest to be exercised.",Isolated,Easy,Machine
83,Smith Bench Press,Lie supine on bench with chest under bar. Grasp bar with wide oblique overhand grip. Disengage bar by raising and rotating bar back. Lower weight to chest. Press bar until arms are extended. Repeat. Range of motion will be compromised if grip is too wide. Can be done on an incline to target upper pecs.,Compound,Medium,Smith machine
84,Barbell Bent-over Row,"Bend knees slightly and bend over bar with back straight. Grasp bar with wide overhand grip. Pull bar to upper waist. Return until arms are extended and shoulders are stretched downward. Repeat. Torso may be kept horizontal for strict execution. Knees are bent in effort to keep low back straight. If low back becomes rounded due to tight hamstrings, either try bending knees more or don't position torso as low. A shoulder width or underhand grip can increase lat involvement by emphasising shoulder extension over transverse extension.",Compound,Hard,Barbell
85,Cable Seated Row,"Sit slightly forward on seat or bench in order to grasp cable attachment. Place feet on vertical platform. Slide hips back positioning knees with slight bend. Pull cable attachment to waist while straightening lower back. Pull shoulders back and push chest forward while arching back. Return until arms are extended, shoulders are stretched forward, and lower back is flexed forward. Repeat. Begin with light weight and add additional weight gradually to allow lower back adequate adaptation. Do not pause or bounce at bottom of lift. Do not lower weight beyond mild stretch. Full range of motion through lower back will vary from person to person.",Compound,Medium,Cable
86,Cable Straight Back Seated Row,"Sit slightly forward on bench with feet on foot bar or vertical platform. Grasp close grip cable attachment. Straighten torso upright and slide hips back so knees are slightly bent. Pull cable attachment to waist. Pull shoulders back and lift chest by arching back. Return until arms are extended, back is straight, and shoulders are stretched forward. Repeat. Begin with light weight and add additional weight gradually to allow lower back adequate adaptation. Do not pause or bounce at bottom of lift. Do not lower weight beyond mild stretch. Full range of motion through lower back will vary from person to person.",Compound,Medium,Cable
87,Dumbbell Bent-over Row,"Kneel over side of bench by placing knee and hand of supporting arm on bench. Position foot of opposite leg slightly back to side. Grasp dumbbell from floor. Pull dumbbell to up to side until it makes contact with ribs or until upper arm is just beyond horizontal. Return until arm is extended and shoulder is stretched downward. Repeat and continue with opposite arm. Allow scapula to articulate but do not rotate torso in effort to throw weight up. Torso should be close to horizontal. Positioning supporting knee and/or arm slightly forward or back will allow for proper levelling of torso. Torso may be positioned lower to allow for heavier dumbbell to make contact with floor, if desired.",Compound,Medium,Dumbbell
88,Dumbbell Lying Row,"Lie chest down on elevated bench. Grasp dumbbells below. Pull dumbbells up to sides. Arch thoracic spine, pull shoulder blades back, and continue to pull until upper arms are just beyond height of back. Return until arms are extended and shoulders are stretched downward. Repeat. Bench should be high enough to allow shoulders to stretch forward without dumbbells hitting floor and limiting range of motion.",Compound,Hard,Dumbbell
89,Lever Wide Grip Incline Row ,"Lie prone on inclined platform and place feet on foot rest. Grasp angled handles and lift lever out of support rack. Position lever directly under body with arms extended down. Pull lever up. As lever approaches, hyperextend thoracic spine and squeeze shoulders back. Lower lever until arms are extended and shoulders are pulled downward. Repeat.",Compound,Medium,Machine
90,Lever Isolateral Narrow Grip Seated Row,"Sit on seat and position chest against pad. Grasp lever handles with underhand grip. Pull levers back until elbows are behind back and shoulders are pulled back. Return until arms are extended and shoulders are stretched forward. Repeat. Seat or grip should be adjusted to allow wrists to follow elbows. When completing pull, chest slightly and pull shoulder blades together while keeping lower chest on pad. Let shoulders roll forward when arms extend.",Compound,Easy,Machine
91,Lever T-bar Row ,Bend knees slightly and bend over lever handles with back straight. Grasp lever handles with shoulder width to wide overhand grip. Pull lever up to torso. Return until arms are extended and shoulders are stretched downward. Repeat. Keep low back straight. Lighten load if torso raises beyond 45 degrees in order to complete repetition.,Compound,Hard,Machine
92,Smith Bent-over Row,Bend knees slightly and bend over bar with back straight. Grasp bar with wide overhand grip. Disengage bar by rotating bar back. Pull bar to upper waist. Return until arms are extended and shoulders are stretched downward. Repeat. Torso may be kept horizontal for strict execution. Platform (as shown) is only needed if smith machine does not allow bar to be lowered to lowest position. Knees are bent in effort to keep low back straight.,Compound,Medium,Smith machine
93,Inverted Row,"Lay on back under fixed horizontal bar. Grasp bar with wide overhand grip. Keeping body straight, pull body up to bar. Pull shoulders back at top of movement with chest high. Return until arms are extended and shoulders are stretched forward. Repeat. Fixed bar should be just high enough to allow arm to fully extend. Resistance can be reduced by using higher bar and positioning feet further back. Other easier variations include sitting and bending at hips or bending at knee with feet flat on floor. This movement can be made more challenging by positioning body in more horizontal position at height of movement.",Compound,Hard,Body weight
94,Suspended Inverted Row,"Position suspension handles higher than arms' length above floor. Sit on floor and grasp handles. Position body supine hanging from handles with arms straight, shoulders under handles, body straight, and back of heels on floor. Pull body up so sides of chest make contact with handles while keeping body straight. Pull shoulders back at top of movement with chest high. Return until arms are extended straight and shoulders are stretched forward. Repeat. Handles should be just high enough to allow arm to fully extend. Resistance can be reduced by raising handles and positioning feet further back. This movement can be made more challenging by positioning body in more horizontal position at height of movement.",Compound,Hard,Suspension trainer
95,Machine-assisted Chin-up,Step up and grasp bar with underhand shoulder width grip. Kneel onto platform or step onto bar. Pull body up until elbows are to sides. Lower body until arms and shoulders are fully extended. Repeat.,Compound,Easy,Machine
96,Machine-assisted Pull-up ,Step up and grasp bar with wide overhand grip. Kneel on padded platform and lower body down with arm extended. Pull body up until neck reaches height of hands. Lower body until arms and shoulders are fully extended. Repeat.,Compound,Easy,Machine
97,Cable Pulldown,Grasp cable bar with wide grip. Sit with thighs under supports. Pull down cable bar to upper chest. Return until arms and shoulders are fully extended. Repeat. Range of motion will be compromised if grip is too wide.,Compound,Medium,Cable
98,Cable Close Grip Pulldown,Grasp parallel cable attachment. Sit with thighs under supports. Pull down cable attachment to upper chest. Return until arms and shoulders are fully extended. Repeat. Exercise can be performed with V-Bar or Multi-exercise Bar.,Compound,Medium,Cable
99,Lever Isolateral Pulldown,Grasp handles to each side with overhand grip. Sit on seat and position thighs under leg pads. Pull levers down to sides of shoulders. Return until arms and shoulders are fully extended. Repeat.,Compound,Easy,Machine
100,Pull-up,"Step up and grasp bar with overhand wide grip. Pull body up until chin is above bar. Lower body until arms and shoulders are fully extended. Repeat. Range of motion will be compromised if grip is too wide. To decrease difficulty, have partner-assistance, use machine assistance or use band assistance.",Compound,Hard,Body weight
101,Chin-up,"Step up and grasp bar with underhand shoulder width grip. Pull body up until elbows are to sides. Lower body until arms and shoulders are fully extended. Repeat. To decrease difficulty, have partner-assistance, use machine assistance or use band assistance.",Compound,Hard,Body weight
102,Suspended Pull-up,Grasp high suspension handles. Pull body up until neck reaches height of hands. Lower body until arms and shoulders are fully extended. Repeat. Decrease difficulty by placing feet on bench or floor under bar for self assistance. Added weight can be placed on dip belt or dumbbell can be placed between ankles to increase intensity.,Compound,Hard,Suspension trainer
103,Barbell Shrug,"Stand holding barbell with overhand or mixed grip; shoulder width or slightly wider. Elevate shoulders as high as possible. Lower and repeat. Since this movement becomes more difficult as full shoulder elevation is achieved, height criteria for shoulder elevation may be needed. For example, raising shoulders until slope of shoulders becomes horizontal may be considered adequate depending upon individual body structure and range of motion with lighter weight.",Isolated,Easy,Barbell
104,Dumbbell Shrug,"Stand holding dumbbells to sides. Elevate shoulders as high as possible. Lower and repeat. Exercise may be performed standing perfectly upright or very slightly bent over. Since this movement becomes more difficult as full shoulder elevation is achieved, height criteria for shoulder elevation may be needed. For example, raising shoulders until slope of shoulders becomes horizontal may be considered adequate depending upon individual body structure and range of motion with lighter weight.",Isolated,Easy,Dumbbell
105,Lever Shrug,"Stand between lever handles to sides. Squat down with feet flat on floor and grasp upper handles to sides. Stand upright by extending hips and knees to full extension. Elevate shoulders as high as possible. Lower and repeat. Since this movement becomes more difficult as full shoulder elevation is achieved, height criteria for shoulder elevation may be needed. For example, raising shoulders until slope of shoulders becomes horizontal may be considered adequate depending upon individual body structure and range of motion with lighter weight.",Isolated,Easy,Machine
106,Smith Shrug,"Stand grasping smith bar with shoulder width or slightly wider overhand grip. Disengage bar by rotating bar back. Elevate shoulders as high as possible. Lower and repeat. Since this movement becomes more difficult as full shoulder elevation is achieved, height criteria for shoulder elevation may be needed. For example, raising shoulders until slope of shoulders becomes horizontal may be considered adequate depending upon individual body structure and range of motion with lighter weight.",Isolated,Easy,Smith machine
107,Cable Standing Shoulder External Rotation,Stand with side to elbow height cable pulley. Grasp stirrup attachment with far arm. Position elbow against side and forearm across belly. Pull cable attachment away from body as far as possible by externally rotating shoulder. Return and repeat. Turn around and continue with opposite arm.Maintain elbow against side and fixed elbow position (90° angle) throughout exercise.,Isolated,Easy,Cable
108,Cable Standing Shoulder Internal Rotation,Stand with side to elbow height cable pulley. Grasp cable stirrup with near arm. Position elbow against side with elbow bent approximately 90°. Pull cable stirrup toward body by internally rotating shoulder until forearm is across belly. Return and repeat. Continue with opposite arm. Maintain elbow against side and fixed elbow position throughout exercise.,Isolated,Easy,Cable
109,Crunch,Lie supine on mat with lower legs on bench. Place hands behind neck or head. Flex waist to raise upper torso from mat. Keep low back on mat and raise torso up as high as possible. Return until back of shoulders contact mat. Repeat. Movement can be made easier by placing arms further down away from head. Exercise can be made more challenging by placing hands further up on head or beyond head. Exercise can also be performed on incline board or with additional weight.,Isolated,Hard,Body weight
110,Lever Seated Crunch,"Sit on machine with back and hips against back supports. If available, place lower legs under pads or on platform. Grasp handles above and position back of arm against pads to each side. With hips stationary, flex waist so elbows travel downward. Return and repeat.",Isolated,Medium,Machine
111,Hanging Leg-Hip Raise ,"Stand beneath high bar and grasp with shoulder width stance. Raise legs by flexing hips and knees until hips are fully flexed. Continue to raise knees toward shoulders by flexing waist. Return until waist, hips, and knees are extended downward. Repeat. Rectus Abdominis and Obliques only dynamically contract if actual waist flexion occurs. With no waist flexion, Rectus Abdominis and External Oblique will only isometrically contract to stabilize pelvis and waist during hip flexion.",Compound,Hard,Body weight
112,Front Plank,"Lie prone on mat. Place forearms on mat, elbows under shoulders. Place legs together with forefeet on floor. Raise body upward by straightening body in straight line. Hold position. Movement can be made easier angling body up on elevated platform or bench. Exercise can also be performed on bent knees instead of forefeet. Exercise could be made more challenging with added weight (eg: sandbags, partner).",Isolated,Hard,Body weight
113,Sit-up,"Hook feet under foot brace or secure low overhang. Lie supine on floor or bench with hips bent. Place hands behind neck or on side of neck. Raise torso from bench by bending waist and hips. Return until back of shoulders contact incline board. Repeat. If upper back does not come completely down at end of movement, abdominal muscles may only be isometrically involved in exercise. Movement can be made easier by placing arms further down away from head. Exercise can be made more challenging by placing hands further up on head or beyond head. Exercise can also be performed on incline board or with additional weight.",Compound,Hard,Body weight
114,Abdominal Vacuum,"Sit, kneel, lie, or stand. Pull navel into spine and hold.",Isolated,Easy,Body weight
115,Cable Side Bend,"With side to low pulley, grasp stirrup attachment with near arm. Stand with arm straight. Pull stirrup by bending sideways through waist so torso moves away from pulley. Lower stirrup by leaning torso toward pulley. Repeat. Continue with opposite side.",Isolated,Easy,Cable
116,Dumbbell Side Bend,"Grasp dumbbell with arm straight to side. Bend waist to opposite side of dumbbell until slight stretch is felt. Lower to opposite side, same distance, and repeat. Continue with opposite side.",Isolated,Easy,Dumbbell
117,Hanging Twisting Leg Hip Raise,"Grasp and hang from high bar with shoulder width or slightly wider overhand grip. Raise legs to one side by flexing hips and knees until hips are completely flexed or knees are well above hips. Continue to raise knees toward shoulder by flexing waist toward one side. Return until waist, hips, and knees are extended downward. Raise legs to opposite side in same manner. Continue by bending legs and lifting knees high to each side until spine is full flexed to one side, alternating between sides. Obliques are largely exercised isometrically with relatively little movement. Obliques and Rectus Abdominis only contract dynamically if actual waist flexion occurs. With no waist flexion, Rectus Abdominis and External Oblique will only act to stabilize pelvis and waist during hip flexion.",Compound,Hard,Body weight
118,Barbell Bent Knee Good-morning,"Position barbell on back of shoulders and grasp bar to sides. Bend hips to lower torso forward until parallel to floor. Bend knees slightly during descent. Raise torso until hips are extended. Repeat. Target muscle is exercised isometrically. Begin with very light weight and add additional weight gradually to allow adequate adaptation. Throughout lift, keep back straight. Knees will have to bend more in those with less hamstring flexibility.",Compound,Hard,Barbell
119,Barbell Deadlift,"With feet flat beneath bar, squat down and grasp bar with shoulder width or slightly wider overhand or mixed grip. Lift bar by extending hips and knees to full extension. Pull shoulders back at top of lift if rounded. Return and repeat. Throughout lift, keep hips low, shoulders high, arms and back straight. Knees should point same direction as feet throughout movement. Keep bar close to body to improve mechanical leverage. Grip strength and strength endurance often limit ability to perform multiple reps at heavy resistances. Gym chalk, wrist straps, grip work, and mixed grip can be used to enhance grip. On rep training, do not merely tap weight to ground, but instead, let barbell settle to ground each rep to sufficiently train range of motion through initial slack of heavy barbell. Heavy barbell deadlifts significantly engage latissimus dorsi.",Compound,Hard,Barbell
120,45° Hyperextension ,Position thighs prone on padding. Hook heels on platform lip or under padded brace. Clasp hands behind hips or low back. Raise upper body until hips and waist are extended. Lower body by bending hips and waist until mild stretch is felt or torso is approximately perpendicular to legs. Repeat. Movement will be least difficult when placing arms as low as possible on body. Exercise can be made more challenging by positioning arms on chest or by holding weights or plates.,Compound,Medium,Body weight
121,Barbell Squat,"From rack with barbell at upper chest height, position bar high on back of shoulders and grasp barbell to sides. Dismount bar from rack and stand with shoulder width stance. Squat down by bending hips back while allowing knees to bend forward, keeping back straight and knees pointed same direction as feet. Descend until thighs are just past parallel to floor. Extend knees and hips until legs are straight. Return and repeat. Keep head facing forward, back straight and feet flat on floor with equal distribution of weight throughout forefoot and heel. Knees should point same direction as feet throughout movement. At bottom of squat, crease at hips should be lower than top of knee cap.",Compound,Hard,Barbell
122,Cable Glute Kickback,"Attach ankle cuff to low pulley. With cuff on one ankle, grasp ballet bar with both hands and step far back with other foot. Arms remain extended to support body leaning forward. Leg with ankle cuff attached is flexed at hip and knee. Pull cable attachment back by extending hip and knee. Return leg to original position and repeat. Continue with opposite leg.",Compound,Easy,Cable
123,Lever 45° Leg Press,"Sit on machine with back on padded support. Place feet slightly high on platform. Extend hips and knees. Release dock lever and grasp handles to sides. Flex hips and knees to lower lever until hips are completely flexed. Push platform by extending knees and hips. Repeat. Keep knees pointed same directions as feet. Do not allow heels to raise off of platform, pushing with both heel and forefoot. Knees should point same direction as feet throughout movement. Placing feet slightly high on platform emphasise Gluteus Maximus. Placing feet slightly lower on platform emphasise Quadriceps. Do not lock out knees at top!",Compound,Medium,Machine
124,Sled Hack Squat,"Lie supine on platform with shoulders against pad. Place feet high up on platform. Extend hips and knees. Release dock levers. Lower sled by flexing hips and knees until hips are completely flexed. Raise sled by extending knees and hips. Repeat. If available, re-engage support lever in extended position before dismounting. If insufficient hip flexibility forces pelvis to pull away from back pad at lower portions of movement, only lower sled just short of spinal articulation. Keep knees pointed same directions as feet. Do not allow heels to raise off of platform, pushing with both heel and forefoot. Placing feet slightly high on platform emphasise Gluteus Maximus. Placing feet slightly lower on platform emphasise Quadriceps.",Compound,Medium,Machine
125,Lunge,"Stand with hands on hips or in front of body. Lunge forward with first leg. Land on heel, then forefoot. Lower body by flexing knee and hip of front leg until knee of rear leg is almost in contact with floor. Return to original standing position by forcibly extending hip and knee of forward leg. Repeat by alternating lunge with opposite leg. Keep torso upright during lunge; flexible hip flexors are important. Lead knee should point same direction as foot throughout lunge. A long lunge emphasises Gluteus Maximus; short lunge emphasises Quadriceps. For less intensity, perform split squat. Can be made more challenging with weights.",Compound,Medium,Body weight
126,Split Squat,"Stand with hands on hips. Position feet far apart; one foot forward and other foot behind. Squat down by flexing knee and hip of front leg. Allow heel of rear foot to rise up while knee of rear leg bends slightly until it almost makes contact with floor. Return to original standing position by extending hip and knee of forward leg. Repeat. Continue with opposite leg. Knees should point same direction as feet throughout movement. Heel of rear foot can be kept elevated off floor throughout movement as shown. Keep torso upright during squat; flexible hip flexors are important. With feet further apart: Gluteus Maximus is emphasised, Quadriceps are less emphasised.",Compound,Easy,Body weight
127,Squat,"Stand with arms extended forward. Squat down by bending hips back while allowing knees to bend forward slightly, keeping back straight and knees pointed same direction as feet. Descend until thighs are just past parallel to floor. Squat up by extending knees and hips until legs are straight. Return and repeat. Keep head facing forward, back straight, chest high, and feet flat on surface with equal distribution of weight through forefoot and heel. Knees should point same direction as feet throughout movement. Arms positioned forward allows torso to be positioned more upright. Movement can be made easier by holding onto rails or back of chairs to each side. Alternatively, exercise can be performed by squatting down only part way. As strength increases, range of motion can be progressively increased. For greater intensity exercise, light weight can be introduced. Alternately slightly more challenging body weight exercises can be performed, such as the split squat or lunge.",Compound,Easy,Body weight
128,Step-up,"Stand facing step or side of bench. Place foot of first leg on bench. Stand on bench by extending hip and knee of first leg and place foot of second leg on bench. Step down with second leg by flexing hip and knee of first leg. Return to original standing position by placing foot of first leg to floor. Repeat first step with opposite leg, alternating first steps between legs. Keep torso upright during exercise. Lead knee should point same direction as foot throughout movement. Stepping distance from bench emphasises Gluteus Maximus; stepping close to bench emphasises Quadriceps. Using shorter bench or step will make this movement easier. For greater challenge, use taller bench or box. Barbells and Dumbbells can also provide additional resistance.",Compound,Easy,Body weight
129,Cable Hip Abduction,Stand in front of low pulley facing to one side. Attach cable cuff to far ankle. Step out away from stack and grasp ballet bar. Stand on near foot and allow far leg to cross in front. Move leg to opposite side of low pulley by abduction hip. Return and repeat. Turn around and continue with opposite leg.,Isolated,Hard,Cable
130,Side Bridge Hip Abduction,"Lie on side with legs straight, one leg on top of the other. Place forearm under shoulder perpendicular to body.Keep feet pointed forward. Keeping side of bottom foot on ground, raise hips up off ground while raising upper leg upward away from lower leg. Return to original position and repeat. Continue with opposite leg. Exercise can be performed on mat or towel or cushioning can be placed under forearm.",Isolated,Hard,Body weight
131,Lever Seated Hip Abduction,Stand near side of apparatus. Place one leg onto far padded lever and sit on seat. Lift other leg onto other padded lever. Lean back onto back pad. Grasp handles to sides. Move legs away from one another as far as possible. Return and repeat.,Isolated,Easy,Machine
132,Barbell Good-morning,"Position barbell on back of shoulders and grasp bar to sides. Keeping back straight, bend hips to lower torso forward until parallel to floor. Raise torso until hips are extended. Repeat. Begin with very light weight and add additional weight gradually to allow adequate adaptation. Throughout lift, keep back and knees straight. Do not lower weight beyond mild stretch through hamstrings. Full range of motion will vary from person to person depending on flexibility.",Isolated,Hard,Barbell
133,Barbell Straight Leg Deadlift,"Stand with shoulder width or narrower stance on shallow platform with feet flat beneath bar. Bend knees and bend over with lower back straight. Grasp barbell with shoulder width overhand or mixed grip, shoulder width or slightly wider. Lift weight to standing position. With knees straight, lower bar toward top of feet by bending hips. After hips can no longer flex, bend waist as bar approaches top of feet. Lift bar by extending waist and hip until standing upright. Pull shoulders back slightly if rounded. Repeat.",Compound,Hard,Barbell
134,Lever Seated Leg Curl,Sit on apparatus with back against padded back support. Place back of lower legs on top of far padded lever. Secure lap pad on thighs just above knees. Grasp handles on lap support. Pull far padded lever toward back of thighs by flexing knees. Return lever until knees are straight. Repeat.,Isolated,Easy,Machine
135,Lever Lying Leg Curl,"Facing bench, stand between bench and lever pads. Lie prone on bench with knees just beyond edge of bench and lower legs under lever pads. Grasp handles. Raise lever pad to back of thighs by flexing knees. Lower lever pads until knees are straight. Repeat. Keep torso on bench to reduce hyperextension of lower back.",Isolated,Medium,Machine
136,Dumbbell Standing Calf Raise,"Grasp dumbbell in one hand to side. Position toes and balls of feet on calf block with arches and heels extending off. Place hand on support for balance. Raise heels by extending ankles as high as possible. Lower heels by bending ankles until calves are stretched. Repeat. Exercise step that will not overturn can be used as calf block. Keep knees straight throughout exercise or bend knees slightly only during stretch. If holding heavy dumbbell becomes too difficult, try single leg calf raise.",Isolated,Easy,Dumbbell
137,Lever Calf Extension ,Sit on seat and position forefeet on lever platform. Grasp handles to sides and straighten knees. Push lever by extending ankle as far as possible. Return by bending ankles until calves are stretched. Repeat. Position seat to allow full range of motion. Reposition stance if feet slip. Keep knees straight throughout exercise or bend knees slightly only during stretch.,Isolated,Easy,Machine
138,Lever Seated Calf Press,Place seat away from platform. Sit on seat with lower back against back of seat. Place toes and balls of feet on lower portion of platform with heels and arches extending off. Grasp handles to sides and straighten knees. Push lever by extending ankles as far as possible. Return by bending ankles until calves are stretched. Repeat. Position seat back yet not so far that weight bottoms out (weight stack hits bottom) during stretch. Reposition stance if feet slip. Keep knees straight throughout exercise or bend knees slightly only during stretch.,Isolated,Easy,Machine
139,Smith Standing Leg Calf Raise,Position bar on upper chest height and place calf block under bar. Position back of shoulders under bar and grasp bar to sides. Position toes and balls of feet on calf block with arches and heels extending off. Disengage bar by rotating bar back. Stand erect by extending knees and hips. Raise heels by extending ankles as high as possible. Lower heels by bending ankles until calves are stretched. Repeat. Keep knees straight throughout exercise or bend knees slightly only during stretch. Quadriceps serve as synergist muscle if knees are bent slightly during stretch.,Isolated,Medium,Smith machine
140,Smith Reverse Calf Raise,"Position bar upper chest height and place calf block under bar. Position back of shoulders under bar and grasp bar to sides. Position heels on forward edge of calf block. Disengage bar by rotating bar back. Stand erect with knees and hips straight. Pull forefoot of both feet up toward body as far as possible. Return by extending feet until toes are pointed downward. Repeat. Throughout exercise, keep knees and hips straight. The exercise can be made more difficult by positioning heels closer to edge of platform.",Isolated,Easy,Smith machine
141,Reverse Calf Raise,Position heels on forward edge of calf block or platform. Grasp support with other hand for balance. Pull forefoot of both feet up toward body as far as possible. Return by extending feet until toes are pointed downward. Repeat. Keep knees and hips straight throughout exercise. Resistance can be reduced positioning heels further onto calf block or platform. The exercise can be made more difficult by positioning heels closer to edge of platform or using only one foot. Dumbbell can also be held in one hand.,Isolated,Easy,Body weight
142,Standing Calf Raise,Position toes and balls of feet on calf block with arches and heels extending off. Place hand on support for balance. Raise heels by extending ankles as high as possible. Lower heels by bending ankles until calves are stretched. Repeat. Exercise step that will not overturn can be used as calf block. Keep knees straight throughout exercise or bend knees slightly only during stretch. Resistance can be reduced by assisting raise by pulling/pushing on support. Hold dumbbell in one hand to make exercise more difficult.,Isolated,Easy,Body weight
143,Barbell Hip Thrust,"Sit on floor with long side of bench behind back. Roll barbell back and center over hips. Position upper back on corner of bench. Place feet on floor approximately shoulder width with knees bent. Grasp bar to each side. Raise bar upward by extending hips until straight. Lower and repeat. Use bench of lower height 16"" to 18"" (40 to 46 cm) allowing torso to be angled approximately 45º. Bench may need to be secured so it does not slide on floor. Bar should be positioned across upper hip flexors and lower abdomen. Thick bar padding or balance foam pad may need to be used if pelvis and hip flexor muscles do not offer enough natural padding. Find comfortable contact hinge position on bench and avoid sliding. Keep bar from rolling back near top of movement with hands on bar. Movement should occur through hip with torso rigid. Avoid chest arching upward and anterior pelvic tilt, both producing spinal hyperextension.",Isolated,Medium,Barbell
144,Barbell Preacher Curl,Sit on preacher bench placing back of arms on pad. Grasp curl bar with shoulder width underhand grip. Raise bar until forearms are vertical. Lower barbell until arms are fully extended. Repeat. Seat should be adjusted to allow armpit to rest near top of pad. Back of upper arm should remain on pad throughout movement. The long head (lateral head) of Biceps Brachii is activated significantly more than short head (medial head) of Biceps Brachii since short head enters into active insufficiency as it continues to contract.,Isolated,Medium,Barbell
145,Dumbbell Preacher Curl,"Grasp dumbbell and sit on preacher bench. With arm bent and palm facing shoulder, place back of arm down on pad. Lower dumbbell until arm is fully extended. Raise dumbbell until forearm is vertical. Repeat. Continue with opposite arm. Seat should be adjusted to allow armpit to rest near top of pad. Back of upper arm should remain on pad throughout movement. Long head (lateral head) of Biceps Brachii is activated significantly more than short head (medial head) of Biceps Brachii since short head enters into active insufficiency as it continues to contract.",Isolated,Easy,Dumbbell
